{
  "xgboost_baseline_only": {
    "auroc": 0.5754985754985755,
    "auprc": 0.3783834032985617,
    "accuracy": 0.575,
    "sensitivity": 0.46153846153846156,
    "specificity": 0.6296296296296297,
    "ppv": 0.375,
    "npv": 0.7083333333333334,
    "f1_score": 0.41379310344827586,
    "tp": 6,
    "fp": 10,
    "tn": 17,
    "fn": 7,
    "optimal_threshold": 0.25053438544273376,
    "optimal_sensitivity": 0.7692307692307693,
    "optimal_specificity": 0.4444444444444444,
    "brier_score": 0.2618771736564077,
    "threshold_used": 0.5,
    "n_samples": 40,
    "n_positive": 13,
    "prevalence": 0.325,
    "auroc_ci": [
      0.3828125,
      0.7525006313131314
    ],
    "feature_importances": {
      "chemo_regimen_EP": 0.06888017058372498,
      "t_stage_T4": 0.06343165040016174,
      "stage_IIIB": 0.05918832868337631,
      "albumin": 0.05821918323636055,
      "rt_total_dose": 0.05282360687851906,
      "stage_IIIC": 0.05197327584028244,
      "t_stage_T2": 0.05086121708154678,
      "rt_fraction_dose": 0.04992058128118515,
      "chemo_cycles": 0.04897434636950493,
      "sex_M": 0.04897426813840866,
      "chemo_dose": 0.04689415916800499,
      "bmi": 0.04535749554634094,
      "ecog_ps_2": 0.044759541749954224,
      "n_stage_N1": 0.04320785403251648,
      "creatinine": 0.043157026171684265,
      "t_stage_T3": 0.042881280183792114,
      "n_stage_N3": 0.041722651571035385,
      "age": 0.040105998516082764,
      "n_stage_N2": 0.03754260018467903,
      "chemo_regimen_TP": 0.03421430289745331,
      "ecog_ps_1": 0.026910481974482536,
      "chemo_regimen_GP": 0.0,
      "chemo_regimen_weekly_paclitaxel": 0.0
    }
  },
  "lightgbm_baseline_only": {
    "auroc": 0.45014245014245013,
    "auprc": 0.30710719835719835,
    "accuracy": 0.5,
    "sensitivity": 0.3076923076923077,
    "specificity": 0.5925925925925926,
    "ppv": 0.26666666666666666,
    "npv": 0.64,
    "f1_score": 0.2857142857142857,
    "tp": 4,
    "fp": 11,
    "tn": 16,
    "fn": 9,
    "optimal_threshold": 0.1726624647935342,
    "optimal_sensitivity": 0.8461538461538461,
    "optimal_specificity": 0.2222222222222222,
    "brier_score": 0.29267951156604655,
    "threshold_used": 0.5,
    "n_samples": 40,
    "n_positive": 13,
    "prevalence": 0.325,
    "auroc_ci": [
      0.2664368632445141,
      0.6267850923023337
    ],
    "feature_importances": {
      "creatinine": 206,
      "chemo_dose": 155,
      "age": 135,
      "bmi": 134,
      "albumin": 100,
      "ecog_ps_2": 56,
      "rt_total_dose": 55,
      "stage_IIIB": 48,
      "sex_M": 43,
      "rt_fraction_dose": 41,
      "chemo_cycles": 37,
      "t_stage_T3": 34,
      "chemo_regimen_EP": 31,
      "chemo_regimen_TP": 30,
      "ecog_ps_1": 18,
      "n_stage_N1": 12,
      "n_stage_N3": 12,
      "t_stage_T4": 9,
      "t_stage_T2": 6,
      "n_stage_N2": 6,
      "stage_IIIC": 0,
      "chemo_regimen_GP": 0,
      "chemo_regimen_weekly_paclitaxel": 0
    }
  },
  "logistic_regression_baseline_only": {
    "auroc": 0.6011396011396012,
    "auprc": 0.3953461886339101,
    "accuracy": 0.55,
    "sensitivity": 0.6153846153846154,
    "specificity": 0.5185185185185185,
    "ppv": 0.38095238095238093,
    "npv": 0.7368421052631579,
    "f1_score": 0.47058823529411764,
    "tp": 8,
    "fp": 13,
    "tn": 14,
    "fn": 5,
    "optimal_threshold": 0.4178506598927254,
    "optimal_sensitivity": 0.9230769230769231,
    "optimal_specificity": 0.37037037037037035,
    "brier_score": 0.2580784885231105,
    "threshold_used": 0.5,
    "n_samples": 40,
    "n_positive": 13,
    "prevalence": 0.325,
    "auroc_ci": [
      0.42278225806451625,
      0.7667006269592477
    ]
  },
  "xgboost_baseline_cbc": {
    "auroc": 0.8603988603988605,
    "auprc": 0.7584494389471765,
    "accuracy": 0.775,
    "sensitivity": 0.6923076923076923,
    "specificity": 0.8148148148148148,
    "ppv": 0.6428571428571429,
    "npv": 0.8461538461538461,
    "f1_score": 0.6666666666666666,
    "tp": 9,
    "fp": 5,
    "tn": 22,
    "fn": 4,
    "optimal_threshold": 0.30831748247146606,
    "optimal_sensitivity": 0.8461538461538461,
    "optimal_specificity": 0.7777777777777778,
    "brier_score": 0.14652034031306402,
    "threshold_used": 0.5,
    "n_samples": 40,
    "n_positive": 13,
    "prevalence": 0.325,
    "auroc_ci": [
      0.7241291119146309,
      0.9653790653790655
    ],
    "feature_importances": {
      "ANC_cv": 0.08608799427747726,
      "ANC_pct_change": 0.0565393827855587,
      "WBC_cv": 0.050772376358509064,
      "ANC_week2": 0.05054653808474541,
      "ANC_nadir": 0.03496042266488075,
      "WBC_pct_change": 0.033123597502708435,
      "WBC_week2": 0.03228198364377022,
      "AMC_ANC_ratio_week0": 0.027614304795861244,
      "WBC_nadir": 0.02562972903251648,
      "AMC_ANC_ratio_week1": 0.02539566159248352,
      "ALC_cv": 0.021048950031399727,
      "ANC_delta_w1w2": 0.01913467049598694,
      "ecog_ps_2": 0.01891489140689373,
      "WBC_slope": 0.01873963326215744,
      "AMC_week2": 0.018181748688220978,
      "AMC_ANC_ratio_change": 0.01788213849067688,
      "AMC_pct_change": 0.017048245295882225,
      "chemo_dose": 0.01675759069621563,
      "creatinine": 0.016651809215545654,
      "PLT_delta_w1w2": 0.015445019118487835,
      "ALC_slope": 0.014488228596746922,
      "PLT_week0": 0.0138131408020854,
      "WBC_week0": 0.013462359085679054,
      "ANC_delta_w0w1": 0.013037973083555698,
      "Hb_cv": 0.012948831543326378,
      "ALC_delta_w1w2": 0.012742298655211926,
      "Hb_week1": 0.011383126489818096,
      "WBC_delta_w0w1": 0.011292807757854462,
      "PLT_mean": 0.01125557441264391,
      "PLT_week2": 0.011094599030911922,
      "Hb_delta_w1w2": 0.010944441892206669,
      "albumin": 0.010937039740383625,
      "AMC_delta_w0w1": 0.010483596473932266,
      "AMC_week0": 0.010207178071141243,
      "Hb_delta_w0w1": 0.010138207115232944,
      "PLT_pct_change": 0.010091760195791721,
      "ANC_week0": 0.009773979894816875,
      "ANC_week1": 0.009675961919128895,
      "WBC_total_delta": 0.009583862498402596,
      "ANC_mean": 0.009374489076435566,
      "WBC_delta_w1w2": 0.009082852862775326,
      "Hb_week0": 0.008675388060510159,
      "WBC_mean": 0.008167896419763565,
      "PLT_slope": 0.008008393459022045,
      "PLT_week1": 0.007893890142440796,
      "ALC_pct_change": 0.00788995623588562,
      "AMC_ANC_ratio_week2": 0.007551582995802164,
      "ALC_week2": 0.00745635200291872,
      "PLT_cv": 0.007028681226074696,
      "ALC_week1": 0.005905185826122761,
      "ANC_total_delta": 0.005874846130609512,
      "ALC_mean": 0.005578798707574606,
      "age": 0.0055072372779250145,
      "Hb_week2": 0.005105115007609129,
      "PLT_total_delta": 0.005063563119620085,
      "PLT_nadir": 0.005011190660297871,
      "Hb_total_delta": 0.00488746352493763,
      "rt_fraction_dose": 0.004819429479539394,
      "WBC_week1": 0.00457137543708086,
      "ALC_week0": 0.0044854735024273396,
      "AMC_delta_w1w2": 0.004466427490115166,
      "Hb_pct_change": 0.0042361849918961525,
      "Hb_mean": 0.004141784273087978,
      "ANC_slope": 0.004122142214328051,
      "Hb_slope": 0.003981998655945063,
      "AMC_nadir": 0.0035059654619544744,
      "ecog_ps_1": 0.003314778907224536,
      "AMC_cv": 0.0032632455695420504,
      "ALC_delta_w0w1": 0.0030784679111093283,
      "AMC_week1": 0.0029826390091329813,
      "ALC_nadir": 0.0017139822011813521,
      "Hb_nadir": 0.0016362463356927037,
      "t_stage_T2": 0.001505318097770214,
      "bmi": 0.0,
      "rt_total_dose": 0.0,
      "chemo_cycles": 0.0,
      "sex_M": 0.0,
      "stage_IIIB": 0.0,
      "stage_IIIC": 0.0,
      "t_stage_T3": 0.0,
      "t_stage_T4": 0.0,
      "n_stage_N1": 0.0,
      "n_stage_N2": 0.0,
      "n_stage_N3": 0.0,
      "chemo_regimen_EP": 0.0,
      "chemo_regimen_GP": 0.0,
      "chemo_regimen_TP": 0.0,
      "chemo_regimen_weekly_paclitaxel": 0.0,
      "ALC_total_delta": 0.0,
      "AMC_total_delta": 0.0,
      "AMC_slope": 0.0,