{
  "xgboost_external": {
    "auroc": 0.7963643790849674,
    "auprc": 0.7688058240742617,
    "accuracy": 0.7666666666666667,
    "sensitivity": 0.6458333333333334,
    "specificity": 0.8235294117647058,
    "ppv": 0.6326530612244898,
    "npv": 0.8316831683168316,
    "f1_score": 0.6391752577319587,
    "tp": 31,
    "fp": 18,
    "tn": 84,
    "fn": 17,
    "optimal_threshold": 0.8815140724182129,
    "optimal_sensitivity": 0.5416666666666666,
    "optimal_specificity": 0.9803921568627451,
    "brier_score": 0.18019965172352506,
    "threshold_used": 0.5,
    "n_samples": 150,
    "n_positive": 48,
    "prevalence": 0.32,
    "auroc_ci": [
      0.7111083333333332,
      0.882894858838255
    ]
  },
  "lightgbm_external": {
    "auroc": 0.7798202614379085,
    "auprc": 0.7545876478243287,
    "accuracy": 0.7866666666666666,
    "sensitivity": 0.6041666666666666,
    "specificity": 0.8725490196078431,
    "ppv": 0.6904761904761905,
    "npv": 0.8240740740740741,
    "f1_score": 0.6444444444444445,
    "tp": 29,
    "fp": 13,
    "tn": 89,
    "fn": 19,
    "optimal_threshold": 0.9486940749418115,
    "optimal_sensitivity": 0.5,
    "optimal_specificity": 1.0,
    "brier_score": 0.18330547900650188,
    "threshold_used": 0.5,
    "n_samples": 150,
    "n_positive": 48,
    "prevalence": 0.32,
    "auroc_ci": [
      0.6908380300590444,
      0.8679110677877124
    ]
  },
  "logistic_regression_external": {
    "auroc": 0.8265931372549019,
    "auprc": 0.7843277386010106,
    "accuracy": 0.7733333333333333,
    "sensitivity": 0.75,
    "specificity": 0.7843137254901961,
    "ppv": 0.6206896551724138,
    "npv": 0.8695652173913043,
    "f1_score": 0.6792452830188679,
    "tp": 36,
    "fp": 22,
    "tn": 80,
    "fn": 12,
    "optimal_threshold": 0.758987662783885,
    "optimal_sensitivity": 0.6875,
    "optimal_specificity": 0.8823529411764706,
    "brier_score": 0.17418590900714379,
    "threshold_used": 0.5,
    "n_samples": 150,
    "n_positive": 48,
    "prevalence": 0.32,
    "auroc_ci": [
      0.7479923691860465,
      0.9056287841077754
    ]
  },
  "lstm_external": {
    "auroc": 0.7661356209150326,
    "auprc": 0.6023386373478848,
    "accuracy": 0.7466666666666667,
    "sensitivity": 0.4791666666666667,
    "specificity": 0.8725490196078431,
    "ppv": 0.6388888888888888,
    "npv": 0.7807017543859649,
    "f1_score": 0.5476190476190477,
    "tp": 23,
    "fp": 13,
    "tn": 89,
    "fn": 25,
    "optimal_threshold": 0.14125961065292358,
    "optimal_sensitivity": 0.7083333333333334,
    "optimal_specificity": 0.7254901960784313,
    "brier_score": 0.19288898772766794,
    "threshold_used": 0.5,
    "n_samples": 150,
    "n_positive": 48,
    "prevalence": 0.32,
    "auroc_ci": [
      0.6838914058889549,
      0.8469678589670746
    ]
  }
}